rank,character,series,kakera,pg,maxpg
1,Zero Two,DARLING in the FRANXX,1042,1,67
2,Rem,Re:Zero kara Hajimeru Isekai Seikatsu,1032,1,67
3,Hatsune Miku,VOCALOID,992,1,67
4,Megumin,Kono Subarashii Sekai ni Shukufuku wo!,1016,1,67
5,Mai Sakurajima,Seishun Buta Yarou,951,1,67
6,Rias Gremory,High School DxD,982,1,67
7,Satoru Gojo,Jujutsu Kaisen,996,1,67
8,Power,Chainsaw Man,951,1,67
9,Saber,Fate/stay night,955,1,67
10,Nami,One Piece,973,1,67
11,Asuna,Sword Art Online,973,1,67
12,Mikasa Ackerman,Attack on Titan,938,1,67
13,Nezuko Kamado,Kimetsu no Yaiba,942,1,67
14,Albedo,Overlord,894,1,67
15,Makima,Chainsaw Man,887,1,67
16,Miku Nakano,5-toubun no Hanayome,872,2,67
17,Nico Robin,One Piece,876,2,67
18,2B,NieR: Automata,832,2,67
19,Kirby,Kirby's Dream Land,772,2,67
20,Hange Zo√´,Attack on Titan,734,2,67
21,Violet Evergarden,Violet Evergarden,835,2,67
22,Emilia,Re:Zero kara Hajimeru Isekai Seikatsu,855,2,67
23,Shinobu Kochou,Kimetsu no Yaiba,835,2,67
24,Aqua,Kono Subarashii Sekai ni Shukufuku wo!,862,2,67
25,Akame,Akame ga Kill!,832,2,67
26,Monkey D. Luffy,One Piece,902,2,67
27,Yumeko Jabami,Kakegurui,808,2,67
28,Marin Kitagawa,Sono Bisque Doll wa Koi wo Suru,737,2,67
29,Nino Nakano,5-toubun no Hanayome,751,2,67
30,Ram,Re:Zero kara Hajimeru Isekai Seikatsu,862,2,67
31,Himiko Toga,Boku no Hero Academia,782,3,67
32,Rin Tohsaka,Fate/stay night,751,3,67
33,Chika Fujiwara,Kaguya-sama wa Kokurasetai,769,3,67
34,Kaguya Shinomiya,Kaguya-sama wa Kokurasetai,749,3,67
35,Akeno Himejima,High School DxD,739,3,67
36,Esdeath,Akame ga Kill!,767,3,67
37,Kurumi Tokisaki,Date A Live,706,3,67
38,Roronoa Zoro,One Piece,826,3,67
39,Yor Forger,SPY√óFAMILY,703,3,67
40,Nobara Kugisaki,Jujutsu Kaisen,695,3,67
41,Bongo Cat,Internet Cats,612,3,67
42,Erza Scarlet,Fairy Tail,708,3,67
43,Komi Shouko,"Komi-san wa, Comyushou desu.",671,3,67
44,Rei Ayanami,Neon Genesis Evangelion,673,3,67
45,Mitsuri Kanroji,Kimetsu no Yaiba,666,3,67
46,Levi,Attack on Titan,796,4,67
47,Asuka Langley Souryuu,Neon Genesis Evangelion,611,4,67
48,Hinata Hyuuga,Naruto,728,4,67
49,Gawr Gura,hololive,645,4,67
50,Ai Hayasaka,Kaguya-sama wa Kokurasetai,611,4,67
51,Yamato,One Piece,529,4,67
52,Maki Zenin,Jujutsu Kaisen,662,4,67
53,Sukuna,Jujutsu Kaisen,756,4,67
54,Shiro,No Game No Life,721,4,67
55,Boa Hancock,One Piece,619,4,67
56,Darkness,Kono Subarashii Sekai ni Shukufuku wo!,683,4,67
57,Yuji Itadori,Jujutsu Kaisen,710,4,67
58,Ai Hoshino,„ÄêOSHI NO KO„Äë,529,4,67
59,Tohru,Kobayashi-san Chi no Maid Dragon,634,4,67
60,Neferpitou,Hunter √ó Hunter,478,4,67
61,Sinon,Sword Art Online,633,5,67
62,Truck-kun,ü§î,459,5,67
63,Ochako Uraraka,Boku no Hero Academia,614,5,67
64,Raphtalia,Tate no Yuusha no Nariagari,651,5,67
65,Kurisu Makise,Steins;Gate,599,5,67
66,C.C.,Code Geass: Hangyaku no Lelouch,608,5,67
67,Chiaki Nanami,Danganronpa 2: Goodbye Despair,602,5,67
68,Eren Jaeger,Attack on Titan,701,5,67
69,Rikka Takanashi,Chuunibyou demo Koi ga Shitai!,557,5,67
70,Kanna Kamui,Kobayashi-san Chi no Maid Dragon,612,5,67
71,Frieren,Sousou no Frieren,569,5,67
72,Tatsumaki,One Punch Man,561,5,67
73,Ryuuko Matoi,Kill la Kill,563,5,67
74,Sanji,One Piece,685,5,67
75,Nyan Cat,Internet Cats,370,5,67
76,Killua Zoldyck,Hunter √ó Hunter,691,6,67
77,Itsuki Nakano,5-toubun no Hanayome,531,6,67
78,Lucy Heartfilia,Fairy Tail,550,6,67
79,Yotsuba Nakano,5-toubun no Hanayome,521,6,67
80,Megumi Fushiguro,Jujutsu Kaisen,622,6,67
81,Jolyne Cujoh,JoJo's Bizarre Adventure: Stone Ocean,576,6,67
82,Reze,Chainsaw Man,547,6,67
83,Misa Amane,Death Note,558,6,67
84,Mirko,Boku no Hero Academia,518,6,67
85,Jinx,League of Legends,525,6,67
86,Osamu Dazai,Bungou Stray Dogs,628,6,67
87,Rukia Kuchiki,BLEACH,517,6,67
88,Fubuki,One Punch Man,527,6,67
89,Joker,Persona 5,605,6,67
90,Annie Leonhart,Attack on Titan,453,6,67
91,Venom,Marvel,395,7,67
92,Nagatoro-san,"Ijiranaide, Nagatoro-san",521,7,67
93,Kyouko Hori,Hori-san to Miyamura-kun,518,7,67
94,Touka Kirishima,Tokyo Ghoul,505,7,67
95,Denji,Chainsaw Man,631,7,67
96,Yoruichi Shih≈çin,BLEACH,516,7,67
97,Chizuru Ichinose,"Kanojo, Okarishimasu",521,7,67
98,Toji Fushiguro,Jujutsu Kaisen,569,7,67
99,Misato Katsuragi,Neon Genesis Evangelion,462,7,67
100,Naruto Uzumaki,Naruto,679,7,67
101,Crona,Soul Eater,417,7,67
102,Kento Nanami,Jujutsu Kaisen,549,7,67
103,Katsuki Bakugou,Boku no Hero Academia,595,7,67
104,Tanjirou Kamado,Kimetsu no Yaiba,620,7,67
105,Tsuyu Asui,Boku no Hero Academia,492,7,67
106,Suguru Geto,Jujutsu Kaisen,540,8,67
107,L,Death Note,639,8,67
108,Anya Forger,SPY√óFAMILY,498,8,67
109,Son Goku,Dragon Ball,657,8,67
110,Artoria Pendragon (Alter),Fate/stay night,403,8,67
111,Sasha Braus,Attack on Titan,482,8,67
112,Ichika Nakano,5-toubun no Hanayome,459,8,67
113,Shouko Nishimiya,Koe no Katachi,477,8,67
114,Taiga Aisaka,Toradora!,492,8,67
115,Kanao Tsuyuri,Kimetsu no Yaiba,442,8,67
116,Ken Kaneki,Tokyo Ghoul,598,8,67
117,Shoto Todoroki,Boku no Hero Academia,588,8,67
118,Yuno Gasai,Mirai Nikki,510,8,67
119,Guts,Berserk,576,8,67
120,Junko Enoshima,Danganronpa: Trigger Happy Havoc,476,8,67
121,Kyoko Kirigiri,Danganronpa: Trigger Happy Havoc,488,9,67
122,Kobeni Higashiyama,Chainsaw Man,432,9,67
123,BMO,Adventure Time,328,9,67
124,Echidna,Re:Zero kara Hajimeru Isekai Seikatsu,477,9,67
125,Lucoa,Kobayashi-san Chi no Maid Dragon,471,9,67
126,Dio Brando,JoJo's Bizarre Adventure: Phantom Blood,615,9,67
127,Tsunade,Naruto,495,9,67
128,Usagi Tsukino,Pretty Soldier Sailor Moon,417,9,67
129,Lucy,Cyberpunk: Edgerunners,411,9,67
130,Momo Yaoyorozu,Boku no Hero Academia,452,9,67
131,Kaori Miyazono,Shigatsu wa Kimi no Uso,440,9,67
132,Hestia,Dungeon ni Deai wo Motomeru no wa Machigatteiru Darou ka,511,9,67
133,Jeanne d'Arc,Fate/Apocrypha,402,9,67
134,Ai Ohto,Wonder Egg Priority,406,9,67
135,Hu Tao,Genshin Impact,593,9,67
136,Shinobu Oshino,Monogatari,465,10,67
137,Izuku Midoriya,Boku no Hero Academia,572,10,67
138,Aki Hayakawa,Chainsaw Man,452,10,67
139,Roxy Migurdia,Mushoku Tensei,423,10,67
140,Trollface,ü§î,224,10,67
141,Hitori Gotou,Bocchi the Rock!,412,10,67
142,Godzilla,Godzilla,319,10,67
143,Jotaro Kujo,JoJo's Bizarre Adventure: Stardust Crusaders,576,10,67
144,Asuka Langley Shikinami,Rebuild of Evangelion,240,10,67
145,Kyoujurou Rengoku,Kimetsu no Yaiba,482,10,67
146,Futaba Sakura,Persona 5,431,10,67
147,Giyuu Tomioka,Kimetsu no Yaiba,516,10,67
148,Himeno,Chainsaw Man,393,10,67
149,Leon S. Kennedy,Resident Evil 2,423,10,67
150,Ishtar,Fate/Grand Order,417,10,67
151,Itachi Uchiha,Naruto,536,11,67
152,Astolfo,Fate/Apocrypha,542,11,67
153,Bowsette,Super Crown,428,11,67
154,Krista Lenz,Attack on Titan,380,11,67
155,Sakura Haruno,Naruto,439,11,67
156,Yukino Yukinoshita,Yahari Ore no Seishun Love Comedy wa Machigatteiru.,431,11,67
157,Madoka Kaname,Mahou Shoujo Madoka‚òÜMagica,430,11,67
158,Alice Synthesis Thirty,Sword Art Online,375,11,67
159,Ada Wong,Resident Evil 2,334,11,67
160,Noelle Silva,Black Clover,418,11,67
161,Ann Takamaki,Persona 5,354,11,67
162,Mary Saotome,Kakegurui,401,11,67
163,Mori Calliope,hololive,404,11,67
164,Erina Nakiri,Shokugeki no Souma,446,11,67
165,Jeanne d'Arc (Alter),Fate/Grand Order,346,11,67
166,Inugami Korone,hololive,397,12,67
167,Sasuke Uchiha,Naruto,531,12,67
168,Ichigo Kurosaki,BLEACH,482,12,67
169,Nanika,Hunter √ó Hunter,231,12,67
170,Hitagi Senjougahara,Monogatari,390,12,67
171,Bulma,Dragon Ball,412,12,67
172,Cynthia,Pok√©mon Diamond/Pearl/Platinum,394,12,67
173,A2,NieR: Automata,345,12,67
174,Android 18,Dragon Ball Z,339,12,67
175,Marceline,Adventure Time,375,12,67
176,Sung Jin-Woo,Solo Leveling,469,12,67
177,Orihime Inoue,BLEACH,363,12,67
178,Raven,Teen Titans,406,12,67
179,Midnight,Boku no Hero Academia,339,12,67
180,Kurapika,Hunter √ó Hunter,477,12,67
181,Inosuke Hashibira,Kimetsu no Yaiba,467,13,67
182,Black Hanekawa,Monogatari,271,13,67
183,Choso,Jujutsu Kaisen,394,13,67
184,Jibril,No Game No Life,419,13,67
185,Kyouka Jirou,Boku no Hero Academia,356,13,67
186,Portgas D. Ace,One Piece,409,13,67
187,Amelia Watson,hololive,366,13,67
188,Yoru,Chainsaw Man,306,13,67
189,Ghostface,Scream,231,13,67
190,Yuta Okkotsu,Jujutsu Kaisen,415,13,67
191,Makoto Niijima,Persona 5,349,13,67
192,Kakashi Hatake,Naruto,470,13,67
193,Kagamine Rin,VOCALOID,370,13,67
194,Phosphophyllite,Houseki no Kuni,299,13,67
195,Nejire Hadou,Boku no Hero Academia,336,13,67
196,Mewtwo,Pok√©dex,234,14,67
197,Nao Tomori,Charlotte,389,14,67
198,Ichigo,DARLING in the FRANXX,426,14,67
199,Asa Mitaka,Chainsaw Man,311,14,67
200,Howl,Howl's Moving Castle,426,14,67
201,Tony Tony Chopper,One Piece,434,14,67
202,No-Face,Spirited Away,199,14,67
203,Sonic the Hedgehog,Sonic the Hedgehog,415,14,67
204,Homura Akemi,Mahou Shoujo Madoka‚òÜMagica,371,14,67
205,Rio Futaba,Seishun Buta Yarou,387,14,67
206,Tamaki Kotatsu,Enen no Shouboutai,356,14,67
207,Mitsuha Miyamizu,Kimi no Na wa.,335,14,67
208,Raiden Shogun,Genshin Impact,474,14,67
209,Eris Boreas Greyrat,Mushoku Tensei,347,14,67
210,Mina Ashido,Boku no Hero Academia,348,14,67
211,Houshou Marine,hololive,322,15,67
212,Nene Yashiro,Jibaku Shounen Hanako-kun,366,15,67
213,Armin Arlert,Attack on Titan,397,15,67
214,Light Yagami,Death Note,456,15,67
215,Vladilena Miliz√©,86 -Eighty Six-,312,15,67
216,Shizuku Murasaki,Hunter √ó Hunter,278,15,67
217,Doge,ü§î,281,15,67
218,Juvia Lockser,Fairy Tail,334,15,67
219,Ruby Hoshino,„ÄêOSHI NO KO„Äë,286,15,67
220,Mordred,Fate/Apocrypha,334,15,67
221,Cha Hae-In,Solo Leveling,319,15,67
222,Tanya Degurechaff,Youjo Senki,307,15,67
223,Hoshimachi Suisei,hololive,304,15,67
224,Elizabeth Liones,Nanatsu no Taizai,300,15,67
225,Orochimaru,Naruto,221,15,67
226,Aigis,Persona 3,269,16,67
227,Zenitsu Agatsuma,Kimetsu no Yaiba,433,16,67
228,Gon Freecss,Hunter √ó Hunter,450,16,67
229,Pieck Finger,Attack on Titan,321,16,67
230,Maki Oze,Enen no Shouboutai,334,16,67
231,Elma,Kobayashi-san Chi no Maid Dragon,322,16,67
232,Spider-Man (Peter Parker),Marvel,397,16,67
233,Koneko Toujou,High School DxD,332,16,67
234,Kanae Kochou,Kimetsu no Yaiba,249,16,67
235,Shadow the Hedgehog,Sonic Adventure 2,359,16,67
236,Faye Valentine,Cowboy Bebop,305,16,67
237,Tifa Lockhart,Final Fantasy VII,358,16,67
238,Dabi,Boku no Hero Academia,422,16,67
239,Yui Hirasawa,K-ON!,302,16,67
240,Ganyu,Genshin Impact,448,16,67
241,Vi,League of Legends,316,17,67
242,Akane Kurokawa,„ÄêOSHI NO KO„Äë,241,17,67
243,Mine,Akame ga Kill!,344,17,67
244,Harley Quinn (Harleen Quinzel),DC,283,17,67
245,Hana Uzaki,Uzaki-chan wa Asobitai!,302,17,67
246,Yoko,Tengen Toppa Gurren Lagann,317,17,67
247,Eri,Boku no Hero Academia,332,17,67
248,Perona,One Piece,295,17,67
249,Kana Arima,„ÄêOSHI NO KO„Äë,257,17,67
250,Celestia Ludenberg,Danganronpa: Trigger Happy Havoc,322,17,67
251,Mew,Pok√©dex,219,17,67
252,Cloud Strife,Final Fantasy VII,356,17,67
253,Shouyou Hinata,Haikyuu!!,413,17,67
254,Aiz Wallenstein,Dungeon ni Deai wo Motomeru no wa Machigatteiru Darou ka,314,17,67
255,Nanachi,Made in Abyss,279,17,67
256,Nero Claudius,Fate/EXTRA,284,18,67
257,Nagito Komaeda,Danganronpa 2: Goodbye Despair,401,18,67
258,Chuuya Nakahara,Bungou Stray Dogs,389,18,67
259,Toge Inumaki,Jujutsu Kaisen,373,18,67
260,Joseph Joestar,JoJo's Bizarre Adventure: Battle Tendency,422,18,67
261,Senko,Sewayaki Kitsune no Senko-san,322,18,67
262,Mash Kyrielight,Fate/Grand Order,282,18,67
263,Mt. Lady,Boku no Hero Academia,255,18,67
264,Booette,Super Crown,324,18,67
265,Foo Fighters,JoJo's Bizarre Adventure: Stone Ocean,215,18,67
266,Kobayashi,Kobayashi-san Chi no Maid Dragon,296,18,67
267,Ymir,Attack on Titan,270,18,67
268,Shinoa Hiiragi,Owari no Seraph,330,18,67
269,Nero,Black Clover,343,18,67
270,Spider-Gwen (Gwen Stacy),Marvel,229,18,67
271,Toph Beifong,Avatar: The Last Airbender,313,19,67
272,Mashiro Shiina,Sakurasou no Pet na Kanojo,322,19,67
273,Maka Albarn,Soul Eater,320,19,67
274,Kiana Kaslana,Honkai Impact 3rd,275,19,67
275,Alice Nakiri,Shokugeki no Souma,326,19,67
276,Revy,Black Lagoon,304,19,67
277,Kasumi Miwa,Jujutsu Kaisen,250,19,67
278,Raiden Mei,Honkai Impact 3rd,281,19,67
279,Wojak,ü§î,153,19,67
280,Nazuna Nanakusa,Yofukashi no Uta,275,19,67
281,Wiz,Kono Subarashii Sekai ni Shukufuku wo!,333,19,67
282,Xenovia Quarta,High School DxD,288,19,67
283,Chitoge Kirisaki,Nisekoi,303,19,67
284,Megurine Luka,VOCALOID,309,19,67
285,Trafalgar Law,One Piece,357,19,67
286,Eru Chitanda,Hyouka,298,20,67
287,Leone,Akame ga Kill!,283,20,67
288,Kirari Momobami,Kakegurui,267,20,67
289,Sumi Sakurasawa,"Kanojo, Okarishimasu",298,20,67
290,Usada Pekora,hololive,308,20,67
291,Osana Najimi,"Komi-san wa, Comyushou desu.",197,20,67
292,Gunter,Adventure Time,168,20,67
293,Sakura Matou,Fate/stay night,281,20,67
294,Ruka Sarashina,"Kanojo, Okarishimasu",293,20,67
295,Casca,Berserk,302,20,67
296,Hanako-kun,Jibaku Shounen Hanako-kun,383,20,67
297,Ibuki Mioda,Danganronpa 2: Goodbye Despair,311,20,67
298,Nefertari Vivi,One Piece,225,20,67
299,Tengen Uzui,Kimetsu no Yaiba,344,20,67
300,Mirai Kuriyama,Kyoukai no Kanata,275,20,67
301,Ninomae Ina'nis,hololive,277,21,67
302,Alluka Zoldyck,Hunter √ó Hunter,252,21,67
303,Rangiku Matsumoto,BLEACH,258,21,67
304,Batman (Bruce Wayne),DC,358,21,67
305,Akaza,Kimetsu no Yaiba,308,21,67
306,Hawks,Boku no Hero Academia,356,21,67
307,Schwi Dola,No Game No Life,265,21,67
308,Uta,One Piece Film: Red,227,21,67
309,Holo,Ookami to Koushinryou,290,21,67
310,Shirakami Fubuki,hololive,283,21,67
311,Mio Akiyama,K-ON!,278,21,67
312,Nelliel Tu Odelschwanck,BLEACH,248,21,67
313,Shalltear Bloodfallen,Overlord,292,21,67
314,Daki,Kimetsu no Yaiba,250,21,67
315,Shikimori-san,Kawaii dake ja Nai Shikimori-san,260,21,67
316,Starfire,Teen Titans,266,22,67
317,Elaina,Majo no Tabitabi,282,22,67
318,Edward Elric,Fullmetal Alchemist,359,22,67
319,Yunyun,Kono Subarashii Sekai ni Shukufuku wo!,292,22,67
320,Usopp,One Piece,335,22,67
321,Mei Hatsume,Boku no Hero Academia,227,22,67
322,Mikan Tsumiki,Danganronpa 2: Goodbye Despair,275,22,67
323,Eevee,Pok√©dex,211,22,67
324,Nico Yazawa,Love Live! School idol project,274,22,67
325,Tohka Yatogami,Date A Live,285,22,67
326,Mei Misaki,Another,251,22,67
327,Fern,Sousou no Frieren,286,22,67
328,Winry Rockbell,Fullmetal Alchemist,280,22,67
329,Caitlyn,League of Legends,242,22,67
330,Hello Kitty,Hello Kitty,255,22,67
331,Destiny,{ t√°kt op. },238,23,67
332,Shigeo Kageyama,Mob Psycho 100,351,23,67
333,Giorno Giovanna,JoJo's Bizarre Adventure: Golden Wind,364,23,67
334,Chelsea,Akame ga Kill!,246,23,67
335,Saitama,One Punch Man,383,23,67
336,Suzune Horikita,Classroom of the Elite,269,23,67
337,Arataka Reigen,Mob Psycho 100,316,23,67
338,Krul Tepes,Owari no Seraph,285,23,67
339,TBH Creature,ü§î,120,23,67
340,Rebecca,Cyberpunk: Edgerunners,248,23,67
341,Rize Kamishiro,Tokyo Ghoul,219,23,67
342,Kiryu Coco,hololive,253,23,67
343,Vegeta,Dragon Ball Z,386,23,67
344,Saiki Kusuo,Saiki Kusuo no Œ® Nan,345,23,67
345,Lelouch Lamperouge,Code Geass: Hangyaku no Lelouch,347,23,67
346,Vaporeon,Pok√©dex,195,24,67
347,Atsuko Kagari,Little Witch Academia,243,24,67
348,Umaru Doma,Himouto! Umaru-chan,245,24,67
349,Ereshkigal,Fate/Grand Order,254,24,67
350,Emma,Yakusoku no Neverland,313,24,67
351,Ino Yamanaka,Naruto,228,24,67
352,Xiao,Genshin Impact,381,24,67
353,Nekomata Okayu,hololive,266,24,67
354,Princess Peach,Super Mario Bros.,249,24,67
355,Crewmate,Among Us,307,24,67
356,Eijirou Kirishima,Boku no Hero Academia,323,24,67
357,Yae Miko,Genshin Impact,358,24,67
358,Tobio Kageyama,Haikyuu!!,351,24,67
359,Mahoraga,Jujutsu Kaisen,147,24,67
360,Ilulu,Kobayashi-san Chi no Maid Dragon,235,24,67
361,Miia,Monster Musume no Iru Nichijou,259,25,67
362,Muichirou Tokitou,Kimetsu no Yaiba,302,25,67
363,Mikoto Misaka,Toaru,266,25,67
364,Quanxi,Chainsaw Man,252,25,67
365,Beatrice (RZ),Re:Zero kara Hajimeru Isekai Seikatsu,239,25,67
366,Shanks,One Piece,314,25,67
367,Leafa,Sword Art Online,248,25,67
368,Mei Mei,Jujutsu Kaisen,225,25,67
369,All Might,Boku no Hero Academia,314,25,67
370,Kenma Kozume,Haikyuu!!,337,25,67
371,Ririka Momobami,Kakegurui,222,25,67
372,Rider,Fate/stay night,255,25,67
373,Azusa Nakano,K-ON!,223,25,67
374,Dante,Devil May Cry,306,25,67
375,Diane,Nanatsu no Taizai,261,25,67
376,Yuuki (SAO),Sword Art Online,231,26,67
377,Hisoka,Hunter √ó Hunter,349,26,67
378,Sebastian Michaelis,Black Butler,314,26,67
379,Haru Okumura,Persona 5,224,26,67
380,Aang,Avatar: The Last Airbender,255,26,67
381,Azula,Avatar: The Last Airbender,253,26,67
382,Stocking Anarchy,Panty & Stocking with Garterbelt,261,26,67
383,Gudetama,Gudetama,155,26,67
384,Josuke Higashikata,JoJo's Bizarre Adventure: Diamond Is Unbreakable,325,26,67
385,Shouta Aizawa,Boku no Hero Academia,310,26,67
386,Furina,Genshin Impact,326,26,67
387,Hibana,Enen no Shouboutai,242,26,67
388,Evangelion Unit-01,Neon Genesis Evangelion,143,26,67
389,Asta,Black Clover,356,26,67
390,Neco-Arc,Tsukihime,205,26,67
391,Tsubasa Hanekawa,Monogatari,251,27,67
392,Nana Osaki,Nana,255,27,67
393,Asia Argento,High School DxD,231,27,67
394,Zhongli,Genshin Impact,361,27,67
395,Ado,Utaite,241,27,67
396,Loki (Loki Laufeyson),Marvel,211,27,67
397,Yui Yuigahama,Yahari Ore no Seishun Love Comedy wa Machigatteiru.,265,27,67
398,Merlin,Nanatsu no Taizai,258,27,67
399,Hiyori Iki,Noragami,235,27,67
400,Konan,Naruto,237,27,67
401,Milim Nava,Tensei shitara Slime Datta Ken,265,27,67
402,Minato Aqua,hololive,225,27,67
403,Riza Hawkeye,Fullmetal Alchemist,228,27,67
404,Kuromi,Onegai My Melody,239,27,67
405,Stella Vermillion,Rakudai Kishi no Cavalry,253,27,67
406,Loid Forger,SPY√óFAMILY,303,28,67
407,Rimuru Tempest,Tensei shitara Slime Datta Ken,347,28,67
408,Satsuki Kiryuuin,Kill la Kill,218,28,67
409,Tartaglia,Genshin Impact,340,28,67
410,Kuroka,High School DxD,201,28,67
411,Utahime Iori,Jujutsu Kaisen,178,28,67
412,Sylphiette,Mushoku Tensei,236,28,67
413,Iris,Enen no Shouboutai,235,28,67
414,GUMI,VOCALOID,259,28,67
415,Tsumugi Kotobuki,K-ON!,221,28,67
416,Angel Devil,Chainsaw Man,258,28,67
417,Miko Iino,Kaguya-sama wa Kokurasetai,225,28,67
418,Fushi,Fumetsu no Anata e,211,28,67
419,Obanai Igurou,Kimetsu no Yaiba,269,28,67
420,Tsukasa Yuzaki,Tonikaku Kawaii,246,28,67
421,Satella,Re:Zero kara Hajimeru Isekai Seikatsu,196,29,67
422,Venti,Genshin Impact,341,29,67
423,Lofi Girl,Lofi Girl,143,29,67
424,Sylveon,Pok√©dex,165,29,67
425,Mirajane Strauss,Fairy Tail,238,29,67
426,Kiyoko Shimizu,Haikyuu!!,226,29,67
427,Lucy (EL),Elfen Lied,262,29,67
428,Kanade Tachibana,Angel Beats!,245,29,67
429,Shuna,Tensei shitara Slime Datta Ken,232,29,67
430,Korra,The Legend of Korra,228,29,67
431,Ellie,The Last of Us Part I,239,29,67
432,Brook,One Piece,288,29,67
433,Uruha Rushia,hololive,235,29,67
434,Runa Yomozuki,Kakegurui,203,29,67
435,Goro Akechi,Persona 5,264,29,67
436,Mitsuki Bakugou,Boku no Hero Academia,161,30,67
437,Tooru Oikawa,Haikyuu!!,303,30,67
438,Grell Sutcliff,Black Butler,239,30,67
439,Kirito,Sword Art Online,342,30,67
440,Pochita,Chainsaw Man,286,30,67
441,Katara,Avatar: The Last Airbender,242,30,67
442,Kagamine Len,VOCALOID,284,30,67
443,Kei Shirogane,Kaguya-sama wa Kokurasetai,208,30,67
444,Kaede Azusagawa,Seishun Buta Yarou,223,30,67
445,Rayquaza,Pok√©dex,177,30,67
446,Arceus,Pok√©dex,155,30,67
447,Star Platinum,JoJo's Bizarre Adventure: Stardust Crusaders,129,30,67
448,Monika,Doki Doki Literature Club!,315,30,67
449,Kirara Hoshi,Jujutsu Kaisen,122,30,67
450,Mayuri Shiina,Steins;Gate,222,30,67
451,Meme,ME!ME!ME!,191,31,67
452,Carrot,One Piece,210,31,67
453,Ryou Yamada,Bocchi the Rock!,209,31,67
454,Takanashi Kiara,hololive,212,31,67
455,Temari,Naruto,220,31,67
456,Snorlax,Pok√©dex,141,31,67
457,Chisato Nishikigi,Lycoris Recoil,213,31,67
458,Midari Ikishima,Kakegurui,200,31,67
459,Tamayo,Kimetsu no Yaiba,187,31,67
460,Akiko Yosano,Bungou Stray Dogs,207,31,67
461,Yae Sakura,Honkai Impact 3rd,203,31,67
462,Dawn,Pok√©mon Diamond/Pearl/Platinum,229,31,67
463,Kim Dokja,Omniscient Reader's Viewpoint,290,31,67
464,Shinji Ikari,Neon Genesis Evangelion,274,31,67
465,Diamond,Houseki no Kuni,182,31,67
466,Eto,Tokyo Ghoul,227,32,67
467,Princess Bubblegum,Adventure Time,197,32,67
468,Deadpool (Wade Wilson),Marvel,262,32,67
469,Sephiroth,Final Fantasy VII,253,32,67
470,Mai Zenin,Jujutsu Kaisen,177,32,67
471,Meowy,Chainsaw Man,145,32,67
472,Spider-Man (Miles Morales),Marvel,230,32,67
473,Wise Mystical Tree,ü§î,97,32,67
474,Kushina Uzumaki,Naruto,192,32,67
475,Izumi Miyamura,Hori-san to Miyamura-kun,297,32,67
476,Yato,Noragami,315,32,67
477,Peko Pekoyama,Danganronpa 2: Goodbye Despair,202,32,67
478,Ranpo Edogawa,Bungou Stray Dogs,282,32,67
479,Anna Nishikinomiya,Shimoneta to Iu Gainen ga Sonzai Shinai Taikutsu na Sekai,180,32,67
480,Tomura Shigaraki,Boku no Hero Academia,253,32,67
481,Rory Mercury,GATE,216,33,67
482,Illyasviel von Einzbern,Fate/stay night,210,33,67
483,Aoi Todo,Jujutsu Kaisen,239,33,67
484,Pikachu (Species),Pok√©dex,109,33,67
485,Spike Spiegel,Cowboy Bebop,258,33,67
486,Zuko,Avatar: The Last Airbender,287,33,67
487,Envy,Fullmetal Alchemist,175,33,67
488,Yuki Tsukumo,Jujutsu Kaisen,173,33,67
489,Fuyumi Todoroki,Boku no Hero Academia,157,33,67
490,Aoi Asahina,Danganronpa: Trigger Happy Havoc,204,33,67
491,Sagiri Izumi,Eromanga-sensei,210,33,67
492,Konata Izumi,Lucky‚òÜStar,192,33,67
493,Aoi Kanzaki,Kimetsu no Yaiba,143,33,67
494,Filo,Tate no Yuusha no Nariagari,246,33,67
495,Natsu Dragneel,Fairy Tail,290,33,67
496,Yue,Arifureta Shokugyou de Sekai Saikyou,229,34,67
497,Madara Uchiha,Naruto,290,34,67
498,Siesta,The Detective Is Already Dead,218,34,67
499,Shoko Ieiri,Jujutsu Kaisen,171,34,67
500,Ouro Kronii,hololive,198,34,67
501,Chihiro Ogino,Spirited Away,181,34,67
502,Lain Iwakura,Serial Experiments Lain,232,34,67
503,Kafka,Honkai: Star Rail,291,34,67
504,Wanderer,Genshin Impact,289,34,67
505,Senkuu Ishigami,Dr. STONE,275,34,67
506,Blair,Soul Eater,197,34,67
507,Serena,Pok√©mon X/Y,209,34,67
508,Mari Setagaya,Itadaki! Seieki‚ô°,226,34,67
509,Ruka Urushibara,Steins;Gate,163,34,67
510,Camie Utsushimi,Boku no Hero Academia,172,34,67
511,Chrollo Lucilfer,Hunter √ó Hunter,267,35,67
512,Touko Fukawa,Danganronpa: Trigger Happy Havoc,196,35,67
513,Manjirou Sano,TokyoÂççRevengers,295,35,67
514,The Knight,Hollow Knight,191,35,67
515,Jonathan Joestar,JoJo's Bizarre Adventure: Phantom Blood,284,35,67
516,Bishamon,Noragami,225,35,67
517,Sanemi Shinazugawa,Kimetsu no Yaiba,226,35,67
518,Alisa Mikhailovna Kujou,Tokidoki Bosotto Roshia-go de Dereru Tonari no Alya-san,203,35,67
519,Nakiri Ayame,hololive,211,35,67
520,Mimosa Vermillion,Black Clover,203,35,67
521,Momo Ayase,Dandadan,245,35,67
522,Denki Kaminari,Boku no Hero Academia,265,35,67
523,Origami Tobiichi,Date A Live,202,35,67
524,Isla,Plastic Memories,217,35,67
525,Mahito,Jujutsu Kaisen,235,35,67
526,Gyro Zeppeli,JoJo's Bizarre Adventure: Steel Ball Run,266,36,67
527,Bon Clay,One Piece,153,36,67
528,Seele Vollerei,Honkai Impact 3rd,184,36,67
529,Lisa Lisa,JoJo's Bizarre Adventure: Battle Tendency,219,36,67
530,Sheele,Akame ga Kill!,181,36,67
531,Franky,One Piece,245,36,67
532,Maomao,Kusuriya no Hitorigoto,227,36,67
533,Ruby Rose,RWBY,240,36,67
534,Mangle,Five Nights at Freddy's 2,149,36,67
535,Alucard (Hellsing),Hellsing,262,36,67
536,707,Mystic Messenger,276,36,67
537,Shion (TenSura),Tensei shitara Slime Datta Ken,192,36,67
538,Jessie,Pok√©mon: Indigo League,175,36,67
539,Takagi-san,Karakai Jouzu no Takagi-san,202,36,67
540,Bronya Zaychik,Honkai Impact 3rd,167,36,67
541,Rei Hino,Pretty Soldier Sailor Moon,193,37,67
542,Ritsu Tainaka,K-ON!,181,37,67
543,Arlecchino,Genshin Impact,259,37,67
544,Ban,Nanatsu no Taizai,284,37,67
545,Sabo,One Piece,236,37,67
546,Tooru Honda,Fruits Basket,213,37,67
547,Makio,Kimetsu no Yaiba,146,37,67
548,Tetsurou Kuroo,Haikyuu!!,259,37,67
549,Nayuta,Chainsaw Man,151,37,67
550,Ikuyo Kita,Bocchi the Rock!,177,37,67
551,Eula,Genshin Impact,282,37,67
552,Saeko Busujima,Highschool of the Dead,196,37,67
553,Yuu Nishinoya,Haikyuu!!,264,37,67
554,Mimikyu,Pok√©dex,127,37,67
555,Misty,Pok√©mon Red/Green/Blue/Yellow,188,37,67
556,Irina Shidou,High School DxD,175,38,67
557,Nadeko Sengoku,Monogatari,192,38,67
558,My Melody,Onegai My Melody,194,38,67
559,Ahri,League of Legends,266,38,67
560,Shirahoshi,One Piece,150,38,67
561,Kotori Itsuka,Date A Live,190,38,67
562,Tokoyami Towa,hololive,180,38,67
563,Shrek,Shrek,277,38,67
564,Suma,Kimetsu no Yaiba,147,38,67
565,Johnny Joestar,JoJo's Bizarre Adventure: Steel Ball Run,261,38,67
566,Minako Aino,Pretty Soldier Sailor Moon,157,38,67
567,Muzan Kibutsuji,Kimetsu no Yaiba,217,38,67
568,Lady Nagant,Boku no Hero Academia,174,38,67
569,Haruka Tenou,Pretty Soldier Sailor Moon,147,38,67
570,Amy Rose,Sonic CD,167,38,67
571,Chi-Chi,Dragon Ball,150,39,67
572,Kei Tsukishima,Haikyuu!!,254,39,67
573,Griffith,Berserk,246,39,67
574,Ceres Fauna,hololive,182,39,67
575,Vanilla,Nekopara,212,39,67
576,Erwin Smith,Attack on Titan,237,39,67
577,Stephanie Dola,No Game No Life,180,39,67
578,Tae Takemi,Persona 5,184,39,67
579,Momo Belia Deviluke,To LOVE-Ru,197,39,67
580,Gwen,Total Drama Island,188,39,67
581,Kohaku,Dr. STONE,199,39,67
582,Akane Owari,Danganronpa 2: Goodbye Despair,159,39,67
583,Neptune,Hyperdimension Neptunia,203,39,67
584,Earth-chan,Gijinka Series,193,39,67
585,Mami Tomoe,Mahou Shoujo Madoka‚òÜMagica,212,39,67
586,Nanashi Mumei,hololive,186,40,67
587,Kaeya,Genshin Impact,276,40,67
588,Yona,Akatsuki no Yona,211,40,67
589,Karma Akabane,Assassination Classroom,266,40,67
590,Mereoleona Vermillion,Black Clover,186,40,67
591,Delta,Kage no Jitsuryokusha ni Naritakute!,209,40,67
592,KAITO,VOCALOID,239,40,67
593,Diluc,Genshin Impact,288,40,67
594,Kallen Stadtfeld,Code Geass: Hangyaku no Lelouch,185,40,67
595,Rindou Kobayashi,Shokugeki no Souma,190,40,67
596,Haruhi Suzumiya,Suzumiya Haruhi no Yuuutsu,192,40,67
597,Kurome,Akame ga Kill!,175,40,67
598,Kosaki Onodera,Nisekoi,193,40,67
599,Hinatsuru,Kimetsu no Yaiba,131,40,67
600,Nana Shimura,Boku no Hero Academia,150,40,67
601,Wendy Marvell,Fairy Tail,188,41,67
602,Akai Haato,hololive,172,41,67
603,Umbreon,Pok√©dex,137,41,67
604,Vanessa Enoteca,Black Clover,167,41,67
605,Hanabi Hyuuga,Naruto,165,41,67
606,9S,NieR: Automata,200,41,67
607,Giratina,Pok√©dex,139,41,67
608,Dark Magician Girl,Yu-Gi-Oh! Trading Card Game,177,41,67
609,Amber,Genshin Impact,249,41,67
610,Ryuk,Death Note,228,41,67
611,Makoto Yuki,Persona 3,214,41,67
612,Ray (AoD),Angels of Death,191,41,67
613,Rika Kawai,Wonder Egg Priority,193,41,67
614,Tamamo no Mae,Fate/EXTRA,174,41,67
615,Okita Souji,Fate/KOHA-ACE,181,41,67
616,Creeper,Minecraft,178,42,67
617,Uraume,Jujutsu Kaisen,99,42,67
618,Tamaki Amajiki,Boku no Hero Academia,240,42,67
619,Ash Lynx,Banana Fish,242,42,67
620,Shishiro Botan,hololive,180,42,67
621,Koutarou Bokuto,Haikyuu!!,237,42,67
622,Shego,Kim Possible,167,42,67
623,Nessa,Pok√©mon Sword/Shield,183,42,67
624,Ciel Phantomhive,Black Butler,237,42,67
625,Alice Zuberg,Sword Art Online,157,42,67
626,Miko Yotsuya,Mieruko-chan,181,42,67
627,Vinsmoke Reiju,One Piece,155,42,67
628,Inori Yuzuriha,Guilty Crown,201,42,67
629,Hinata Tachibana,TokyoÂççRevengers,183,42,67
630,Chocola,Nekopara,198,42,67
631,Vanitas,Vanitas no Carte,245,43,67
632,Lisa,Genshin Impact,247,43,67
633,Rin Okumura,Ao no Exorcist,239,43,67
634,San,Princess Mononoke,179,43,67
635,Makomo,Kimetsu no Yaiba,152,43,67
636,Machi Komachine,Hunter √ó Hunter,167,43,67
637,Noriaki Kakyoin,JoJo's Bizarre Adventure: Stardust Crusaders,241,43,67
638,Leorio Paladiknight,Hunter √ó Hunter,216,43,67
639,MEM-Cho,„ÄêOSHI NO KO„Äë,137,43,67
640,Soi Fon,BLEACH,174,43,67
641,Charmander,Pok√©dex,142,43,67
642,Ramona Flowers,Scott Pilgrim,181,43,67
643,Kaedehara Kazuha,Genshin Impact,259,43,67
644,Genos,One Punch Man,247,43,67
645,Son Gohan,Dragon Ball Z,258,43,67
646,Tier Harribel,BLEACH,170,44,67
647,Celty Sturluson,Durarara!!,183,44,67
648,Jill Valentine,Resident Evil 1,185,44,67
649,Ikumi Mito,Shokugeki no Souma,163,44,67
650,Ryuunosuke Akutagawa,Bungou Stray Dogs,220,44,67
651,Keqing,Genshin Impact,253,44,67
652,Rossweisse,High School DxD,171,44,67
653,Ayane Shirakawa,Overflow ~Iretara Afureru Shimai no Kimochi~,190,44,67
654,Maika Sakuranomiya,Blend S,165,44,67
655,N,Pok√©mon Black/White,238,44,67
656,Naoto Shirogane,Persona 4,190,44,67
657,Minato Namikaze,Naruto,235,44,67
658,Mavis Dracula,Hotel Transylvania,120,44,67
659,Kagome Higurashi,InuYasha,162,44,67
660,Tet,No Game No Life,143,44,67
661,Le Monke,ü§î,108,45,67
662,Tomoko Kuroki,Watashi ga Motenai no wa d≈ç Kangaetemo Omaera ga Warui!,177,45,67
663,Mio Naruse,Shinmai Maou no Testament,184,45,67
664,Genocider Syo,Danganronpa: Trigger Happy Havoc,163,45,67
665,Morgiana,Magi,210,45,67
666,Hua Cheng,Tian Guan Ci Fu,232,45,67
667,Alastor,Hazbin Hotel,226,45,67
668,Ryu Lion,Dungeon ni Deai wo Motomeru no wa Machigatteiru Darou ka,174,45,67
669,Juuzou Suzuya,Tokyo Ghoul,227,45,67
670,Alucard,Castlevania III: Dracula's Curse,188,45,67
671,Sayaka Maizono,Danganronpa: Trigger Happy Havoc,152,45,67
672,Death the Kid,Soul Eater,233,45,67
673,Shizue Izawa,Tensei shitara Slime Datta Ken,162,45,67
674,Senpai (TS),Tejina-senpai,160,45,67
675,Irina Jelaviƒá,Assassination Classroom,163,45,67
676,Aerith Gainsborough,Final Fantasy VII,191,46,67
677,Blackfire,Teen Titans,141,46,67
678,Mitsuru Kirijo,Persona 3,168,46,67
679,Ami Mizuno,Pretty Soldier Sailor Moon,151,46,67
680,Inuyasha,InuYasha,228,46,67
681,Evangelion Unit-02,Neon Genesis Evangelion,97,46,67
682,Murata Himeko,Honkai Impact 3rd,150,46,67
683,Gaara,Naruto,233,46,67
684,Yoichi Isagi,Blue Lock,225,46,67
685,Mako Mankanshoku,Kill la Kill,182,46,67
686,Kamisato Ayaka,Genshin Impact,238,46,67
687,Rika Orimoto,Jujutsu Kaisen,122,46,67
688,Kaworu Nagisa,Neon Genesis Evangelion,219,46,67
689,Roy Mustang,Fullmetal Alchemist,237,46,67
690,Mizuki Akiyama,Project SEKAI: Colorful Stage!,207,46,67
691,Albedo (GI),Genshin Impact,224,47,67
692,Ookami Mio,hololive,168,47,67
693,Pain,Naruto,219,47,67
694,Shirogane Noel,hololive,168,47,67
695,Natsuki,Doki Doki Literature Club!,241,47,67
696,Atsushi Nakajima,Bungou Stray Dogs,212,47,67
697,Akira Fudou,Devilman,199,47,67
698,Yuri,Doki Doki Literature Club!,249,47,67
699,Nijika Ijichi,Bocchi the Rock!,159,47,67
700,Mona,Genshin Impact,245,47,67
701,Sakura Miko,hololive,171,47,67
702,Freddy Fazbear,Five Nights at Freddy's 1,186,47,67
703,Ditto,Pok√©dex,123,47,67
704,Ghislaine Dedoldia,Mushoku Tensei,161,47,67
705,Levy McGarden,Fairy Tail,162,47,67
706,Yui (SAO),Sword Art Online,155,48,67
707,Yoshino,Date A Live,189,48,67
708,Bayonetta,Bayonetta,221,48,67
709,Tsunomaki Watame,hololive,168,48,67
710,Trish Una,JoJo's Bizarre Adventure: Golden Wind,169,48,67
711,Jean Kirstein,Attack on Titan,192,48,67
712,Yoshikage Kira,JoJo's Bizarre Adventure: Diamond Is Unbreakable,229,48,67
713,William Afton,Five Nights at Freddy's 2,171,48,67
714,Bruno Bucciarati,JoJo's Bizarre Adventure: Golden Wind,217,48,67
715,Thorfinn,Vinland Saga,224,48,67
716,Veliona,Honkai Impact 3rd,144,48,67
717,Sarada Uchiha,Boruto: Naruto Next Generations,148,48,67
718,Arataki Itto,Genshin Impact,231,48,67
719,Kizuna AI,Kizuna AI Inc.,163,48,67
720,Panty Anarchy,Panty & Stocking with Garterbelt,182,48,67
721,Zack,Angels of Death,210,49,67
722,The Giant Rat That Makes All of the Rules,Rat Movie,141,49,67
723,Megumi Tadokoro,Shokugeki no Souma,174,49,67
724,Lala Satalin Deviluke,To LOVE-Ru,178,49,67
725,Lola Bunny,Space Jam,132,49,67
726,Luigi,Super Mario Bros.,220,49,67
727,AE3803,Hataraku Saibou,130,49,67
728,Sayu Ogiwara,Hige wo Soru. Soshite Joshikosei wo Hiro.,179,49,67
729,SCP-049,SCP Foundation,130,49,67
730,Miles Edgeworth,Phoenix Wright: Ace Attorney,196,49,67
731,Rouge the Bat,Sonic Adventure 2,157,49,67
732,Misaki Ayuzawa,Kaichou wa Maid-sama!,169,49,67
733,Meiko Honma,Anohana: The Flower We Saw That Day,165,49,67
734,Yoriichi Tsugikuni,Kimetsu no Yaiba,169,49,67
735,Komi Shuuko,"Komi-san wa, Comyushou desu.",108,49,67
736,Rei Miyamoto,Highschool of the Dead,139,50,67
737,Carnage,Marvel,122,50,67
738,Artoria Pendragon (Lancer),Fate/Grand Order,139,50,67
739,Ponyo,Ponyo,175,50,67
740,Hanami,Jujutsu Kaisen,98,50,67
741,Mario,Super Mario Bros.,234,50,67
742,Gilgamesh,Fate/stay night,235,50,67
743,Douma,Kimetsu no Yaiba,203,50,67
744,Princess of Klaxosaurs,DARLING in the FRANXX,145,50,67
745,Koushi Sugawara,Haikyuu!!,210,50,67
746,Sans,UNDERTALE,256,50,67
747,Rise Kujikawa,Persona 4,163,50,67
748,Konjiki no Yami,To LOVE-Ru,184,50,67
749,Funtime Foxy,Five Nights at Freddy's: Sister Location,112,50,67
750,SpongeBob SquarePants,SpongeBob SquarePants,215,50,67
751,Yuki Nagato,Suzumiya Haruhi no Yuuutsu,188,51,67
752,Phoenix Wright,Phoenix Wright: Ace Attorney,190,51,67
753,Nagisa Shiota,Assassination Classroom,217,51,67
754,Collei,Genshin Impact,139,51,67
755,Nightwing (Dick Grayson),DC,186,51,67
756,Sonia Nevermind,Danganronpa 2: Goodbye Despair,173,51,67
757,Videl,Dragon Ball Z,154,51,67
758,Aether,Genshin Impact,201,51,67
759,Kasane Teto,UTAU,192,51,67
760,Kurenai Yuuhi,Naruto,111,51,67
761,May,Pok√©mon Ruby/Sapphire/Emerald,175,51,67
762,Alphonse Elric,Fullmetal Alchemist,207,51,67
763,Yelan,Genshin Impact,224,51,67
764,Sabito,Kimetsu no Yaiba,189,51,67
765,Reki Kyan,SK‚àû,212,51,67
766,Shylily,Independent Virtual YouTubers,153,52,67
767,Tooru Hagakure,Boku no Hero Academia,133,52,67
768,Aki Adagaki,Masamune-kun no Revenge,156,52,67
769,Koro-sensei,Assassination Classroom,206,52,67
770,Alhaitham,Genshin Impact,206,52,67
771,Oozora Subaru,hololive,163,52,67
772,Reimu Hakurei,Touhou Koumakyou ~ the Embodiment of Scarlet Devil,188,52,67
773,Mavis Vermillion,Fairy Tail,163,52,67
774,Yumemi Yumemite,Kakegurui,137,52,67
775,Kei Karuizawa,Classroom of the Elite,163,52,67
776,S≈çsuke Aizen,BLEACH,221,52,67
777,The Joker,DC,167,52,67
778,Sophie Hatter,Howl's Moving Castle,151,52,67
779,Cinnamoroll,Cinnamoroll,176,52,67
780,Lugia,Pok√©dex,121,52,67
781,Sword Maiden,Goblin Slayer,139,53,67
782,Kenjaku,Jujutsu Kaisen,99,53,67
783,Sayori,Doki Doki Literature Club!,230,53,67
784,GIR,Invader Zim,143,53,67
785,Retsu Unohana,BLEACH,157,53,67
786,Hakos Baelz,hololive,152,53,67
787,Kokushibou,Kimetsu no Yaiba,185,53,67
788,Natsumi,Date A Live,155,53,67
789,Biscuit Krueger,Hunter √ó Hunter,153,53,67
790,Yami Yugi,Yu-Gi-Oh! Duel Monsters,168,53,67
791,Coraline Jones,Coraline,154,53,67
792,Nana Komatsu,Nana,174,53,67
793,The World,JoJo's Bizarre Adventure: Stardust Crusaders,105,53,67
794,Miles 'Tails' Prower,Sonic the Hedgehog 2,179,53,67
795,Shouya Ishida,Koe no Katachi,180,53,67
796,Rui Tachibana,Domestic na Kanojo,171,54,67
797,Gintoki Sakata,Gintama,204,54,67
798,Meruccubus,Meru The Succubus,160,54,67
799,Lumine,Genshin Impact,212,54,67
800,Sawako Kuronuma,Kimi ni Todoke,174,54,67
801,Jeanne,Vanitas no Carte,167,54,67
802,Aoi Akane,Jibaku Shounen Hanako-kun,154,54,67
803,Obito Uchiha,Naruto,209,54,67
804,Super Sonico,Nitroplus Mascots,150,54,67
805,Ayame Kajou,Shimoneta to Iu Gainen ga Sonzai Shinai Taikutsu na Sekai,145,54,67
806,Xenomorph,Alien,113,54,67
807,Caesar A. Zeppeli,JoJo's Bizarre Adventure: Battle Tendency,186,54,67
808,Arcueid Brunestud,Tsukihime,144,54,67
809,Mai,Avatar: The Last Airbender,171,54,67
810,Finn,Adventure Time,195,54,67
811,Yui,Angel Beats!,174,55,67
812,Legosi,BEASTARS,217,55,67
813,Beidou,Genshin Impact,223,55,67
814,Mikaela Hyakuya,Owari no Seraph,217,55,67
815,Kokoro,DARLING in the FRANXX,141,55,67
816,Pikachu,Pok√©mon: Indigo League,236,55,67
817,Han Sooyoung,Omniscient Reader's Viewpoint,175,55,67
818,Izuna Hatsuse,No Game No Life,146,55,67
819,Gigachad,ü§î,140,55,67
820,Frederica Baumann,Re:Zero kara Hajimeru Isekai Seikatsu,123,55,67
821,Tomoe Koga,Seishun Buta Yarou,148,55,67
822,Chel,The Road to El Dorado,123,55,67
823,Sakuya Izayoi,Touhou Koumakyou ~ the Embodiment of Scarlet Devil,188,55,67
824,D.Va,Overwatch,208,55,67
825,Gyoumei Himejima,Kimetsu no Yaiba,159,55,67
826,Silica,Sword Art Online,147,56,67
827,Xie Lian,Tian Guan Ci Fu,205,56,67
828,Hitoshi Shinsou,Boku no Hero Academia,187,56,67
829,2D,Gorillaz,156,56,67
830,Kyouka Izumi,Bungou Stray Dogs,167,56,67
831,Soul Eater Evans,Soul Eater,203,56,67
832,Reiner Braun,Attack on Titan,183,56,67
833,Mirio Togata,Boku no Hero Academia,193,56,67
834,Espeon,Pok√©dex,116,56,67
835,Tomo Aizawa,Tomo-chan wa Onnanoko!,141,56,67
836,Ty Lee,Avatar: The Last Airbender,163,56,67
837,Star Butterfly,Star vs. the Forces of Evil,145,56,67
838,Flame Princess,Adventure Time,127,56,67
839,Quinella,Sword Art Online,139,56,67
840,Kaho Hinata,Blend S,138,56,67
841,Narberal Gamma,Overlord,157,57,67
842,Rin Nohara,Naruto,119,57,67
843,Spider Demon (Mother),Kimetsu no Yaiba,120,57,67
844,Pepe,ü§î,190,57,67
845,Sakura Kinomoto,Cardcaptor Sakura,174,57,67
846,Freya,Dungeon ni Deai wo Motomeru no wa Machigatteiru Darou ka,148,57,67
847,Totoro,My Neighbor Totoro,182,57,67
848,Rebecca (OP),One Piece,124,57,67
849,Loona,Helluva Boss,172,57,67
850,Vermeil,Kinsou no Vermeil: Gakeppuchi Majutsushi wa Saikyou no Yakusai to Mahou Sekai wo Tsukisusumu,152,57,67
851,Yukari Takeba,Persona 3,144,57,67
852,Mei Terumi,Naruto,120,57,67
853,Maki Nishikino,Love Live! School idol project,163,57,67
854,Jessica Rabbit,Who Framed Roger Rabbit,122,57,67
855,Kureiji Ollie,hololive,142,57,67
856,Abigail Jones,Great Pretender,131,58,67
857,Squirtle,Pok√©dex,105,58,67
858,Jean,Genshin Impact,216,58,67
859,Ryuji Sakamoto,Persona 5,186,58,67
860,Ray,Yakusoku no Neverland,217,58,67
861,Lust,Fullmetal Alchemist,154,58,67
862,Tashigi,One Piece,122,58,67
863,Chie Satonaka,Persona 4,155,58,67
864,Toyomi Fujiwara,Kaguya-sama wa Kokurasetai,98,58,67
865,Amity Blight,The Owl House,169,58,67
866,Claire Redfield,Resident Evil 2,148,58,67
867,Sanic,ü§î,145,58,67
868,Charlie Morningstar,Hazbin Hotel,145,58,67
869,Mabel Pines,Gravity Falls,154,58,67
870,Suzuha Amane,Steins;Gate,148,58,67
871,Adult Neptune,Megadimension Neptunia VII,108,59,67
872,Pyro,Team Fortress 2,123,59,67
873,Fischl,Genshin Impact,209,59,67
874,Bowser,Super Mario Bros.,169,59,67
875,Akari Watanabe,"Fuufu Ijou, Koibito Miman.",151,59,67
876,Satanichia McDowell Kurumizawa,Gabriel DropOut,163,59,67
877,Fu Hua,Honkai Impact 3rd,158,59,67
878,Mami Nanami,"Kanojo, Okarishimasu",150,59,67
879,Elsa,Frozen,146,59,67
880,Mayoi Hachikuji,Monogatari,160,59,67
881,Marnie,Pok√©mon Sword/Shield,159,59,67
882,Knuckles the Echidna,Sonic the Hedgehog 3,160,59,67
883,Ironmouse,VShojo,163,59,67
884,Adrien Agreste,Miraculous: Tales of Ladybug & Cat Noir,177,59,67
885,Keiji Akaashi,Haikyuu!!,189,59,67
886,Atsumu Miya,Haikyuu!!,179,60,67
887,Koala,One Piece,125,60,67
888,Ami Kawashima,Toradora!,133,60,67
889,Jake,Adventure Time,186,60,67
890,Grimmjow Jaegerjaquez,BLEACH,178,60,67
891,Darth Vader,Star Wars Original Trilogy,185,60,67
892,Mamako Oosuki,Tsujou Kogeki ga Zentai Kogeki de Ni-kai Kogeki no Okaa-san wa Suki Desuka?,136,60,67
893,MEIKO,VOCALOID,165,60,67
894,Ash Ketchum,Pok√©mon: Indigo League,169,60,67
895,Kagura,Gintama,163,60,67
896,Yami Sukehiro,Black Clover,201,60,67
897,Helen Parr,The Incredibles,113,60,67
898,Amelie Azazel,Mairimashita! Iruma-kun,151,60,67
899,Fiona Frost,SPY√óFAMILY,120,60,67
900,Jewelry Bonney,One Piece,127,60,67
901,Langa Hasegawa,SK‚àû,195,61,67
902,Tsukasa Yugi,Jibaku Shounen Hanako-kun,161,61,67
903,Tenten,Naruto,146,61,67
904,Erza Knightwalker,Fairy Tail,105,61,67
905,Yoimiya,Genshin Impact,205,61,67
906,Cinnabar,Houseki no Kuni,134,61,67
907,Foxy,Five Nights at Freddy's 1,163,61,67
908,Meliodas,Nanatsu no Taizai,214,61,67
909,Takina Inoue,Lycoris Recoil,154,61,67
910,IA,VOCALOID,160,61,67
911,Rainbow Dash,My Little Pony: Friendship Is Magic,163,61,67
912,Ahsoka Tano,Star Wars: The Clone Wars,143,61,67
913,Jigglypuff,Pok√©mon: Indigo League,105,61,67
914,Enkidu,Fate/strange Fake,133,61,67
915,Elaine,Nanatsu no Taizai,137,61,67
916,Twilight Sparkle,My Little Pony: Friendship Is Magic,147,62,67
917,Poison Ivy (Pamela Isley),DC,145,62,67
918,Fluttershy,My Little Pony: Friendship Is Magic,173,62,67
919,Shiki Ryougi,Kara no Kyoukai: The Garden of Sinners,145,62,67
920,Jiraiya,Naruto,180,62,67
921,Scarlet Witch (Wanda Maximoff),Marvel,157,62,67
922,Michiru Kagemori,BNA: Brand New Animal,161,62,67
923,Genya Shinazugawa,Kimetsu no Yaiba,151,62,67
924,Ainz Ooal Gown,Overlord,191,62,67
925,Shura Kirigakure,Ao no Exorcist,130,62,67
926,Ms. Joke,Boku no Hero Academia,117,62,67
927,SCP-3008,SCP Foundation,88,62,67
928,Kefla,Dragon Ball Super,135,62,67
929,Gray Fullbuster,Fairy Tail,194,62,67
930,Makoto Naegi,Danganronpa: Trigger Happy Havoc,183,62,67
931,üéÄOMGkawaiiüéÄAngel-chan,NEEDY GIRL OVERDOSE,156,63,67
932,Yukana Yame,Hajimete no Gal,135,63,67
933,Guido Mista,JoJo's Bizarre Adventure: Golden Wind,185,63,67
934,Bread,I Am Bread,137,63,67
935,Aquarius,Fairy Tail,134,63,67
936,Kim Possible,Kim Possible,122,63,67
937,Meguru Bachira,Blue Lock,192,63,67
938,Shikamaru Nara,Naruto,190,63,67
939,Ben Drowned,Creepypasta,112,63,67
940,Kyuubey,Mahou Shoujo Madoka‚òÜMagica,117,63,67
941,Yuno,Black Clover,205,63,67
942,Frisk,UNDERTALE,159,63,67
943,Seishiro Nagi,Blue Lock,189,63,67
944,Osaka,Azumanga Daioh,148,63,67
945,Jinbe,One Piece,176,63,67
946,Sangonomiya Kokomi,Genshin Impact,193,64,67
947,Durandal,Honkai Impact 3rd,130,64,67
948,Fyodor Dostoevsky,Bungou Stray Dogs,176,64,67
949,Derieri,Nanatsu no Taizai,132,64,67
950,Vash the Stampede,Trigun,177,64,67
951,Illumi Zoldyck,Hunter √ó Hunter,170,64,67
952,Rin,Shelter,172,64,67
953,Iroha Isshiki,Yahari Ore no Seishun Love Comedy wa Machigatteiru.,152,64,67
954,Haruhi Fujioka,Ouran High School Host Club,174,64,67
955,Tomoe,Kamisama Hajimemashita,199,64,67
956,Paimon,Genshin Impact,201,64,67
957,Tamaki Suoh,Ouran High School Host Club,184,64,67
958,Rock Lee,Naruto,182,64,67
959,Arisu Sakayanagi,Classroom of the Elite,130,64,67
960,Mahiru Shiina,Otonari no Tenshi-sama ni Itsu no Ma ni ka Dame Ningen ni Sareteita Ken,156,64,67
961,Feitan Portor,Hunter √ó Hunter,171,65,67
962,Isuzu Sento,Amagi Brilliant Park,149,65,67
963,Shenhe,Genshin Impact,198,65,67
964,Near,Death Note,163,65,67
965,Vivy,Vivy -Fluorite Eye's Song-,167,65,67
966,Polish Cow,ü§î,66,65,67
967,Mari Makinami Illustrious,Rebuild of Evangelion,118,65,67
968,Seishirou Tsugumi,Nisekoi,138,65,67
969,Oda Nobunaga,Fate/KOHA-ACE,145,65,67
970,Coconut,Nekopara,152,65,67
971,Reshiram,Pok√©dex,111,65,67
972,High Elf Archer,Goblin Slayer,137,65,67
973,Sadayo Kawakami,Persona 5,137,65,67
974,Duo,Duolingo,112,65,67
975,Hifumi Togo,Persona 5,124,65,67
976,Pinkie Pie,My Little Pony: Friendship Is Magic,154,66,67
977,Bill Cipher,Gravity Falls,169,66,67
978,Jahy,Jahy-sama wa Kujikenai!,151,66,67
979,Hajime Hinata,Danganronpa 2: Goodbye Despair,187,66,67
980,Yukihana Lamy,hololive,132,66,67
981,Aventurine,Honkai: Star Rail,179,66,67
982,Kiki,Kiki's Delivery Service,135,66,67
983,Hina Amano,Tenki no Ko,140,66,67
984,Chara,UNDERTALE,168,66,67
985,Jessie's Mimikyu,Pok√©mon the Series: Sun & Moon,96,66,67
986,Toothless,How To Train Your Dragon,161,66,67
987,Amane Kanata,hololive,139,66,67
988,Amadeus,Steins;Gate 0,103,66,67
989,Firefly,Honkai: Star Rail,167,66,67
990,Fumikage Tokoyami,Boku no Hero Academia,162,66,67
991,Rohan Kishibe,JoJo's Bizarre Adventure: Diamond Is Unbreakable,183,67,67
992,Sae Niijima,Persona 5,136,67,67
993,Kou Minamoto,Jibaku Shounen Hanako-kun,176,67,67
994,Melascula,Nanatsu no Taizai,122,67,67
995,Kisuke Urahara,BLEACH,178,67,67
996,Ougi Oshino,Monogatari,129,67,67
997,Seras Victoria,Hellsing,155,67,67
998,Sesshomaru,InuYasha,174,67,67
999,Kyuusaku Yumeno,Bungou Stray Dogs,111,67,67
1000,Yuna (SAO),Sword Art Online,119,67,67
